year,data_type,source_index,destination,value
20182019,depot_location,58,,
20182019,depot_location,71,,
20182019,depot_location,79,,
20182019,depot_location,80,,
20182019,depot_location,94,,
20182019,depot_location,102,,
20182019,depot_location,103,,
20182019,depot_location,120,,
20182019,depot_location,128,,
20182019,depot_location,129,,
20182019,depot_location,145,,
20182019,depot_location,154,,
20182019,depot_location,171,,
20182019,depot_location,228,,
20182019,depot_location,269,,
20182019,depot_location,309,,
20182019,depot_location,322,,
20182019,depot_location,369,,
20182019,depot_location,400,,
20182019,depot_location,419,,
20182019,depot_location,431,,
20182019,depot_location,450,,
20182019,depot_location,451,,
20182019,depot_location,486,,
20182019,depot_location,495,,
2018,biomass_forecast,0,,7.483669879450526
2018,biomass_forecast,1,,47.51939166869889
2018,biomass_forecast,2,,57.07137690716811
2018,biomass_forecast,3,,74.98941738348834
2018,biomass_forecast,4,,17.522164002882427
2018,biomass_forecast,5,,24.960395699118926
2018,biomass_forecast,6,,39.769998105759264
2018,biomass_forecast,7,,70.31257617134123
2018,biomass_forecast,8,,33.427706857434
2018,biomass_forecast,9,,39.99677454477027
2018,biomass_forecast,10,,8.017905166039405
2018,biomass_forecast,11,,4.3061750212930505
2018,biomass_forecast,12,,3.4955329151362897
2018,biomass_forecast,13,,0.1958889226375075
2018,biomass_forecast,14,,0.4246120772760073
2018,biomass_forecast,15,,31.45801241658194
2018,biomass_forecast,16,,107.7777630352413
2018,biomass_forecast,17,,132.08694418449545
2018,biomass_forecast,18,,123.68560449101244
2018,biomass_forecast,19,,64.3069980790025
2018,biomass_forecast,20,,87.00515880286532
2018,biomass_forecast,21,,96.43739700190204
2018,biomass_forecast,22,,116.02446738905071
2018,biomass_forecast,23,,127.19404510438332
2018,biomass_forecast,24,,99.08106060440066
2018,biomass_forecast,25,,70.11497760441347
2018,biomass_forecast,26,,50.26313044292565
2018,biomass_forecast,27,,31.049203152687063
2018,biomass_forecast,28,,3.76983916042749
2018,biomass_forecast,29,,0.2587795170416655
2018,biomass_forecast,30,,26.06428933638657
2018,biomass_forecast,31,,99.64967343142824
2018,biomass_forecast,32,,146.68554021164013
2018,biomass_forecast,33,,128.7855420105671
2018,biomass_forecast,34,,112.94852383746353
2018,biomass_forecast,35,,100.15830434084428
2018,biomass_forecast,36,,166.32225308314432
2018,biomass_forecast,37,,135.84658381079765
2018,biomass_forecast,38,,98.07499706195188
2018,biomass_forecast,39,,67.12854358923781
2018,biomass_forecast,40,,92.95851321939293
2018,biomass_forecast,41,,91.946524422687
2018,biomass_forecast,42,,88.89686529416765
2018,biomass_forecast,43,,22.93530259741389
2018,biomass_forecast,44,,1.817868263999608
2018,biomass_forecast,45,,0.2147643117698223
2018,biomass_forecast,46,,0.5266606243469409
2018,biomass_forecast,47,,19.92459976210339
2018,biomass_forecast,48,,80.32590509307191
2018,biomass_forecast,49,,141.61204865781792
2018,biomass_forecast,50,,103.48991601173182
2018,biomass_forecast,51,,88.04127702503499
2018,biomass_forecast,52,,106.37353918519668
2018,biomass_forecast,53,,137.34302821312096
2018,biomass_forecast,54,,123.74547751617962
2018,biomass_forecast,55,,123.0014885691296
2018,biomass_forecast,56,,166.07978184898923
2018,biomass_forecast,57,,123.06987363856732
2018,biomass_forecast,58,,105.80638681840684
2018,biomass_forecast,59,,103.4210050858028
2018,biomass_forecast,60,,68.07611442809625
2018,biomass_forecast,61,,22.769190012840397
2018,biomass_forecast,62,,7.291442346423014
2018,biomass_forecast,63,,22.36591152577092
2018,biomass_forecast,64,,7.576106577394187
2018,biomass_forecast,65,,4.361760448974697
2018,biomass_forecast,66,,6.653331346831609
2018,biomass_forecast,67,,0.3899245189185803
2018,biomass_forecast,68,,0.1709144662819621
2018,biomass_forecast,69,,11.135366155239666
2018,biomass_forecast,70,,106.16292680662792
2018,biomass_forecast,71,,163.80134929573092
2018,biomass_forecast,72,,106.20793234396916
2018,biomass_forecast,73,,94.25702010856678
2018,biomass_forecast,74,,146.5260716898867
2018,biomass_forecast,75,,176.32612338530305
2018,biomass_forecast,76,,112.51768990319442
2018,biomass_forecast,77,,104.78723492529492
2018,biomass_forecast,78,,179.8018175491577
2018,biomass_forecast,79,,178.32951978357084
2018,biomass_forecast,80,,103.42435962107989
2018,biomass_forecast,81,,33.293542408345814
2018,biomass_forecast,82,,43.22944170982035
2018,biomass_forecast,83,,25.932952908145328
2018,biomass_forecast,84,,72.65948794747327
2018,biomass_forecast,85,,44.9342617542251
2018,biomass_forecast,86,,5.293153776892355
2018,biomass_forecast,87,,11.830453518138912
2018,biomass_forecast,88,,40.04946556000598
2018,biomass_forecast,89,,7.964236113988695
2018,biomass_forecast,90,,0.1195288910689699
2018,biomass_forecast,91,,2.2831314651909733
2018,biomass_forecast,92,,79.03368499237317
2018,biomass_forecast,93,,143.70868709426716
2018,biomass_forecast,94,,126.80689230207663
2018,biomass_forecast,95,,80.65166043427116
2018,biomass_forecast,96,,158.70533294908194
2018,biomass_forecast,97,,146.4287650575193
2018,biomass_forecast,98,,117.76223194140348
2018,biomass_forecast,99,,126.13840485751813
2018,biomass_forecast,100,,109.49830723665129
2018,biomass_forecast,101,,199.5377424003458
2018,biomass_forecast,102,,148.82230560998042
2018,biomass_forecast,103,,109.27689332979404
2018,biomass_forecast,104,,138.3682632062034
2018,biomass_forecast,105,,137.67893289753198
2018,biomass_forecast,106,,116.91022304546507
2018,biomass_forecast,107,,75.72244699412961
2018,biomass_forecast,108,,8.912656498879118
2018,biomass_forecast,109,,5.743269300530446
2018,biomass_forecast,110,,4.853523632638625
2018,biomass_forecast,111,,4.71937310629909
2018,biomass_forecast,112,,4.698184840392704
2018,biomass_forecast,113,,18.952298338550488
2018,biomass_forecast,114,,15.484761974460564
2018,biomass_forecast,115,,1.238720843726577
2018,biomass_forecast,116,,0.0242065713586697
2018,biomass_forecast,117,,0.5771075226459461
2018,biomass_forecast,118,,23.405838429801666
2018,biomass_forecast,119,,88.43421615472158
2018,biomass_forecast,120,,77.10176090367582
2018,biomass_forecast,121,,95.10574345763676
2018,biomass_forecast,122,,217.57185911439404
2018,biomass_forecast,123,,135.68783811347325
2018,biomass_forecast,124,,157.2894960762881
2018,biomass_forecast,125,,117.79872239122152
2018,biomass_forecast,126,,114.12910180280936
2018,biomass_forecast,127,,109.29191481115755
2018,biomass_forecast,128,,124.62104049714856
2018,biomass_forecast,129,,165.95761822501885
2018,biomass_forecast,130,,168.00792822156956
2018,biomass_forecast,131,,122.7486872902963
2018,biomass_forecast,132,,114.35651867577688
2018,biomass_forecast,133,,125.68292127844327
2018,biomass_forecast,134,,40.16623559790588
2018,biomass_forecast,135,,35.726337966951746
2018,biomass_forecast,136,,17.24813524602502
2018,biomass_forecast,137,,5.110372640224933
2018,biomass_forecast,138,,17.735033634987236
2018,biomass_forecast,139,,35.692890180454846
2018,biomass_forecast,140,,8.1869332920928
2018,biomass_forecast,141,,1.4212140430462332
2018,biomass_forecast,142,,0.1822100925139441
2018,biomass_forecast,143,,25.349341502776067
2018,biomass_forecast,144,,71.37639400618201
2018,biomass_forecast,145,,97.83938492059312
2018,biomass_forecast,146,,115.5959208182917
2018,biomass_forecast,147,,178.08181730059457
2018,biomass_forecast,148,,134.48436816044654
2018,biomass_forecast,149,,113.9617849629738
2018,biomass_forecast,150,,111.6478267660183
2018,biomass_forecast,151,,110.69388337342492
2018,biomass_forecast,152,,101.2289499205907
2018,biomass_forecast,153,,148.00274021058758
2018,biomass_forecast,154,,160.7202177275937
2018,biomass_forecast,155,,180.0617205332357
2018,biomass_forecast,156,,152.9521590848937
2018,biomass_forecast,157,,123.06821591775986
2018,biomass_forecast,158,,172.21521680393678
2018,biomass_forecast,159,,122.29957312295132
2018,biomass_forecast,160,,49.82375888432676
2018,biomass_forecast,161,,12.63600612798994
2018,biomass_forecast,162,,7.6165542968615165
2018,biomass_forecast,163,,48.32781004122109
2018,biomass_forecast,164,,163.3891335966648
2018,biomass_forecast,165,,62.16515790152712
2018,biomass_forecast,166,,20.21420120505805
2018,biomass_forecast,167,,0.1125914145300992
2018,biomass_forecast,168,,0.2693727128453739
2018,biomass_forecast,169,,12.76149268378378
2018,biomass_forecast,170,,63.73297299612498
2018,biomass_forecast,171,,78.83052199352012
2018,biomass_forecast,172,,90.21543950176113
2018,biomass_forecast,173,,128.3455485130495
2018,biomass_forecast,174,,133.748210540687
2018,biomass_forecast,175,,102.5261129555916
2018,biomass_forecast,176,,103.21264959517356
2018,biomass_forecast,177,,96.4705161323482
2018,biomass_forecast,178,,135.04284766712
2018,biomass_forecast,179,,156.14878364277743
2018,biomass_forecast,180,,233.4613722792405
2018,biomass_forecast,181,,187.93510731331145
2018,biomass_forecast,182,,102.31303064783972
2018,biomass_forecast,183,,96.34244962003082
2018,biomass_forecast,184,,90.88440302377089
2018,biomass_forecast,185,,79.5411544774492
2018,biomass_forecast,186,,94.16220251649196
2018,biomass_forecast,187,,59.79048348244238
2018,biomass_forecast,188,,12.79008155190656
2018,biomass_forecast,189,,60.61328486058866
2018,biomass_forecast,190,,167.38733566887802
2018,biomass_forecast,191,,131.96698039095773
2018,biomass_forecast,192,,45.71320677796578
2018,biomass_forecast,193,,16.143893174411176
2018,biomass_forecast,194,,3.5514285058189667
2018,biomass_forecast,195,,1.0974773955671349
2018,biomass_forecast,196,,0.4623707047735602
2018,biomass_forecast,197,,2.1971593032731933
2018,biomass_forecast,198,,2.5837009974874494
2018,biomass_forecast,199,,8.619903197478536
2018,biomass_forecast,200,,30.11416489113909
2018,biomass_forecast,201,,23.51946262209222
2018,biomass_forecast,202,,6.385024090118915
2018,biomass_forecast,203,,0.0126315172428619
2018,biomass_forecast,204,,0.017511629308291
2018,biomass_forecast,205,,0.0084648239950442
2018,biomass_forecast,206,,0.2423724366596013
2018,biomass_forecast,207,,1.2475468059045005
2018,biomass_forecast,208,,64.31378712937145
2018,biomass_forecast,209,,73.52170309174996
2018,biomass_forecast,210,,61.03862564682621
2018,biomass_forecast,211,,88.19877292199011
2018,biomass_forecast,212,,225.51571395184877
2018,biomass_forecast,213,,134.9202477514417
2018,biomass_forecast,214,,90.8277162265905
2018,biomass_forecast,215,,89.13785495234708
2018,biomass_forecast,216,,118.40279902781936
2018,biomass_forecast,217,,144.77674994677284
2018,biomass_forecast,218,,221.00639264614256
2018,biomass_forecast,219,,227.07164663511983
2018,biomass_forecast,220,,239.63404011773088
2018,biomass_forecast,221,,164.30973012432125
2018,biomass_forecast,222,,158.24267903425067
2018,biomass_forecast,223,,148.8787892573115
2018,biomass_forecast,224,,153.64078426250532
2018,biomass_forecast,225,,192.87344622234824
2018,biomass_forecast,226,,102.28555318303616
2018,biomass_forecast,227,,86.57713244872798
2018,biomass_forecast,228,,147.69264689319763
2018,biomass_forecast,229,,235.67784791360512
2018,biomass_forecast,230,,252.4575055775821
2018,biomass_forecast,231,,68.76349851247589
2018,biomass_forecast,232,,15.169775508280052
2018,biomass_forecast,233,,21.90244524254404
2018,biomass_forecast,234,,21.28792049318652
2018,biomass_forecast,235,,1.4512694472648475
2018,biomass_forecast,236,,13.64432375697224
2018,biomass_forecast,237,,15.695313249294111
2018,biomass_forecast,238,,14.664762263597185
2018,biomass_forecast,239,,15.63359226130362
2018,biomass_forecast,240,,34.36166803883415
2018,biomass_forecast,241,,117.14118825107518
2018,biomass_forecast,242,,54.647047073983934
2018,biomass_forecast,243,,8.45025347774633
2018,biomass_forecast,244,,4.368392977357129
2018,biomass_forecast,245,,0.0635281634811401
2018,biomass_forecast,246,,4.193420061550585
2018,biomass_forecast,247,,4.080043494886283
2018,biomass_forecast,248,,13.500432155827529
2018,biomass_forecast,249,,76.57285814873227
2018,biomass_forecast,250,,58.138768557070925
2018,biomass_forecast,251,,98.80616515889795
2018,biomass_forecast,252,,114.0793256584281
2018,biomass_forecast,253,,223.40533285736456
2018,biomass_forecast,254,,165.59652283869548
2018,biomass_forecast,255,,93.98120916477646
2018,biomass_forecast,256,,126.9301481492922
2018,biomass_forecast,257,,253.5222013972052
2018,biomass_forecast,258,,194.8788636082648
2018,biomass_forecast,259,,174.75466323726397
2018,biomass_forecast,260,,266.16579669235693
2018,biomass_forecast,261,,243.86548668941765
2018,biomass_forecast,262,,177.0508141029647
2018,biomass_forecast,263,,191.0501199545482
2018,biomass_forecast,264,,142.8703927718987
2018,biomass_forecast,265,,172.28330740566855
2018,biomass_forecast,266,,205.27239190394965
2018,biomass_forecast,267,,147.94907528496486
2018,biomass_forecast,268,,210.2485378391378
2018,biomass_forecast,269,,205.26748987437605
2018,biomass_forecast,270,,164.63784325134804
2018,biomass_forecast,271,,210.14042934149649
2018,biomass_forecast,272,,157.07511209199996
2018,biomass_forecast,273,,38.67346798695872
2018,biomass_forecast,274,,55.92722917663151
2018,biomass_forecast,275,,8.252867216926743
2018,biomass_forecast,276,,0.0005083398807208
2018,biomass_forecast,277,,3.512538059965445
2018,biomass_forecast,278,,9.925892257750276
2018,biomass_forecast,279,,1.7069903961203874
2018,biomass_forecast,280,,0.1175232484528255
2018,biomass_forecast,281,,0.0016361132200739
2018,biomass_forecast,282,,17.79672021822592
2018,biomass_forecast,283,,35.13798472947484
2018,biomass_forecast,284,,14.872235282119632
2018,biomass_forecast,285,,1.1254143795721312
2018,biomass_forecast,286,,11.29601539423867
2018,biomass_forecast,287,,36.39403145760945
2018,biomass_forecast,288,,12.25623446814223
2018,biomass_forecast,289,,43.7363682121813
2018,biomass_forecast,290,,12.752037001164366
2018,biomass_forecast,291,,58.47266842550569
2018,biomass_forecast,292,,129.29402355392844
2018,biomass_forecast,293,,118.09007322689736
2018,biomass_forecast,294,,169.9562790263602
2018,biomass_forecast,295,,184.7501732383794
2018,biomass_forecast,296,,227.06624919921668
2018,biomass_forecast,297,,227.00146788681383
2018,biomass_forecast,298,,243.035317204852
2018,biomass_forecast,299,,242.08790179069325
2018,biomass_forecast,300,,260.65973467131033
2018,biomass_forecast,301,,325.52462194344866
2018,biomass_forecast,302,,180.21419686682023
2018,biomass_forecast,303,,260.78462214642
2018,biomass_forecast,304,,227.2373282140642
2018,biomass_forecast,305,,232.9383451744976
2018,biomass_forecast,306,,208.63627819704547
2018,biomass_forecast,307,,212.5632210163295
2018,biomass_forecast,308,,166.53153666743947
2018,biomass_forecast,309,,299.47620084868714
2018,biomass_forecast,310,,218.793572345611
2018,biomass_forecast,311,,141.01475306845964
2018,biomass_forecast,312,,72.96476877622858
2018,biomass_forecast,313,,112.04934776268638
2018,biomass_forecast,314,,111.67752269369704
2018,biomass_forecast,315,,13.248811021399652
2018,biomass_forecast,316,,0.3363657107122507
2018,biomass_forecast,317,,5.265723530471265
2018,biomass_forecast,318,,4.920162322717821
2018,biomass_forecast,319,,9.249516522937329
2018,biomass_forecast,320,,12.563084864600256
2018,biomass_forecast,321,,3.897196235535789
2018,biomass_forecast,322,,19.331721119070156
2018,biomass_forecast,323,,71.65211146771287
2018,biomass_forecast,324,,83.12588187451752
2018,biomass_forecast,325,,23.20842100430973
2018,biomass_forecast,326,,1.2206685040595588
2018,biomass_forecast,327,,0.0116246155676123
2018,biomass_forecast,328,,0.7142435681646767
2018,biomass_forecast,329,,0.4569856260770318
2018,biomass_forecast,330,,0.2605120051244008
2018,biomass_forecast,331,,8.102731972318157
2018,biomass_forecast,332,,7.660297669031624
2018,biomass_forecast,333,,67.43269208366345
2018,biomass_forecast,334,,147.7170349814275
2018,biomass_forecast,335,,102.62784069306262
2018,biomass_forecast,336,,152.33022370553044
2018,biomass_forecast,337,,271.9388143861907
2018,biomass_forecast,338,,228.24971813063087
2018,biomass_forecast,339,,230.27902686077604
2018,biomass_forecast,340,,305.68467711231216
2018,biomass_forecast,341,,255.9524343846346
2018,biomass_forecast,342,,250.92296771565768
2018,biomass_forecast,343,,203.3245785712625
2018,biomass_forecast,344,,153.7302829739374
2018,biomass_forecast,345,,245.1763047315252
2018,biomass_forecast,346,,159.49039707904635
2018,biomass_forecast,347,,212.47029346630887
2018,biomass_forecast,348,,279.4160485252582
2018,biomass_forecast,349,,254.32805523070155
2018,biomass_forecast,350,,164.91883673218172
2018,biomass_forecast,351,,259.1279887341144
2018,biomass_forecast,352,,178.294173969558
2018,biomass_forecast,353,,57.94511584379332
2018,biomass_forecast,354,,37.8627286362061
2018,biomass_forecast,355,,159.0070275272753
2018,biomass_forecast,356,,172.35520355189988
2018,biomass_forecast,357,,30.584157489485417
2018,biomass_forecast,358,,23.12039720240429
2018,biomass_forecast,359,,0.196868489628327
2018,biomass_forecast,360,,0.6672911408425821
2018,biomass_forecast,361,,0.6234946780292733
2018,biomass_forecast,362,,0.6124781260398982
2018,biomass_forecast,363,,1.4737718270625964
2018,biomass_forecast,364,,9.00363115576874
2018,biomass_forecast,365,,11.57449198063238
2018,biomass_forecast,366,,1.3793659494161887
2018,biomass_forecast,367,,38.67899203853639
2018,biomass_forecast,368,,126.1803082657322
2018,biomass_forecast,369,,72.13133326522204
2018,biomass_forecast,370,,26.68739688098167
2018,biomass_forecast,371,,48.87151474522332
2018,biomass_forecast,372,,21.17363344012681
2018,biomass_forecast,373,,10.099553896568972
2018,biomass_forecast,374,,9.008808705588107
2018,biomass_forecast,375,,32.20692835024607
2018,biomass_forecast,376,,111.53356146187544
2018,biomass_forecast,377,,123.87306415956742
2018,biomass_forecast,378,,122.77393233222804
2018,biomass_forecast,379,,121.04735563702968
2018,biomass_forecast,380,,288.7792306109291
2018,biomass_forecast,381,,232.97904263760972
2018,biomass_forecast,382,,144.35809469320333
2018,biomass_forecast,383,,174.0298184497045
2018,biomass_forecast,384,,144.83912185871787
2018,biomass_forecast,385,,162.2690738612466
2018,biomass_forecast,386,,171.32439799601352
2018,biomass_forecast,387,,130.46646373111133
2018,biomass_forecast,388,,184.55715989923613
2018,biomass_forecast,389,,222.63460198757892
2018,biomass_forecast,390,,246.55531013920387
2018,biomass_forecast,391,,177.78307506853074
2018,biomass_forecast,392,,159.21086970161838
2018,biomass_forecast,393,,167.60830402438128
2018,biomass_forecast,394,,178.64066385404726
2018,biomass_forecast,395,,129.48847848524275
2018,biomass_forecast,396,,191.66486951717127
2018,biomass_forecast,397,,81.5691074955445
2018,biomass_forecast,398,,69.65080322053208
2018,biomass_forecast,399,,127.7730328508706
2018,biomass_forecast,400,,89.5836260705342
2018,biomass_forecast,401,,143.4904740005424
2018,biomass_forecast,402,,27.057397569283463
2018,biomass_forecast,403,,2.4864144838460978
2018,biomass_forecast,404,,0.4285340262975234
2018,biomass_forecast,405,,1.295388122719776
2018,biomass_forecast,406,,0.0506394023124952
2018,biomass_forecast,407,,3.88677223135732
2018,biomass_forecast,408,,2.453385737599844
2018,biomass_forecast,409,,3.550632822750841
2018,biomass_forecast,410,,11.06249365459347
2018,biomass_forecast,411,,7.680708224690626
2018,biomass_forecast,412,,0.6835107699316086
2018,biomass_forecast,413,,0.4657156531654556
2018,biomass_forecast,414,,0.0081790685467134
2018,biomass_forecast,415,,0.1462009047932485
2018,biomass_forecast,416,,36.34535911353302
2018,biomass_forecast,417,,83.1346924532576
2018,biomass_forecast,418,,97.82730896120415
2018,biomass_forecast,419,,73.7721330637815
2018,biomass_forecast,420,,22.85395893386079
2018,biomass_forecast,421,,43.71903770202289
2018,biomass_forecast,422,,53.33090948170357
2018,biomass_forecast,423,,19.93627862703915
2018,biomass_forecast,424,,4.252566378680293
2018,biomass_forecast,425,,2.175583201336246
2018,biomass_forecast,426,,2.0736871512743216
2018,biomass_forecast,427,,16.2410588538215
2018,biomass_forecast,428,,89.21414003600101
2018,biomass_forecast,429,,113.0973318862708
2018,biomass_forecast,430,,139.93883609667856
2018,biomass_forecast,431,,155.52128575121503
2018,biomass_forecast,432,,227.55822507834355
2018,biomass_forecast,433,,101.64737851703087
2018,biomass_forecast,434,,101.10920695336458
2018,biomass_forecast,435,,130.67549281947922
2018,biomass_forecast,436,,179.88881310103702
2018,biomass_forecast,437,,248.8914779644367
2018,biomass_forecast,438,,200.44914496418653
2018,biomass_forecast,439,,225.199551486342
2018,biomass_forecast,440,,249.3879455288279
2018,biomass_forecast,441,,273.8400717392763
2018,biomass_forecast,442,,265.18749300618083
2018,biomass_forecast,443,,244.8168994314944
2018,biomass_forecast,444,,89.43150475947203
2018,biomass_forecast,445,,127.49269036076365
2018,biomass_forecast,446,,198.00440264011843
2018,biomass_forecast,447,,244.13415957361548
2018,biomass_forecast,448,,124.77591720479953
2018,biomass_forecast,449,,141.62571158649934
2018,biomass_forecast,450,,118.17120092440268
2018,biomass_forecast,451,,97.20796190375415
2018,biomass_forecast,452,,154.7790592154075
2018,biomass_forecast,453,,80.23779663663011
2018,biomass_forecast,454,,66.45574548012479
2018,biomass_forecast,455,,0.1089972915184356
2018,biomass_forecast,456,,0.3812666941749046
2018,biomass_forecast,457,,0.254889172128416
2018,biomass_forecast,458,,4.389230523155245
2018,biomass_forecast,459,,6.632438031599302
2018,biomass_forecast,460,,36.68508798553354
2018,biomass_forecast,461,,1.5491107061735825
2018,biomass_forecast,462,,3.1611050386715807
2018,biomass_forecast,463,,32.66415296148717
2018,biomass_forecast,464,,20.05526357613581
2018,biomass_forecast,465,,52.806490356536656
2018,biomass_forecast,466,,87.19806180561457
2018,biomass_forecast,467,,2.6199659071293246
2018,biomass_forecast,468,,28.646578453426663
2018,biomass_forecast,469,,5.343822164926793
2018,biomass_forecast,470,,0.1711302870158552
2018,biomass_forecast,471,,0.223702765528345
2018,biomass_forecast,472,,14.87637808350601
2018,biomass_forecast,473,,9.518270400699157
2018,biomass_forecast,474,,29.354270059079656
2018,biomass_forecast,475,,26.661323305422822
2018,biomass_forecast,476,,1.979887414208984
2018,biomass_forecast,477,,11.998676364334056
2018,biomass_forecast,478,,41.47641864402332
2018,biomass_forecast,479,,23.55521568344688
2018,biomass_forecast,480,,1.5647501333103109
2018,biomass_forecast,481,,1.1322678589795845
2018,biomass_forecast,482,,6.8964853514011
2018,biomass_forecast,483,,125.0524364862286
2018,biomass_forecast,484,,255.8619733633975
2018,biomass_forecast,485,,229.70919742795837
2018,biomass_forecast,486,,122.73785416550962
2018,biomass_forecast,487,,301.5078132398321
2018,biomass_forecast,488,,259.6567183923606
2018,biomass_forecast,489,,135.07579096856486
2018,biomass_forecast,490,,155.168647956699
2018,biomass_forecast,491,,233.25483490092915
2018,biomass_forecast,492,,233.81404703350688
2018,biomass_forecast,493,,258.77664143794823
2018,biomass_forecast,494,,270.3443624836185
2018,biomass_forecast,495,,270.98973597227126
2018,biomass_forecast,496,,301.23036271117394
2018,biomass_forecast,497,,292.87147275129104
2018,biomass_forecast,498,,202.27607571692255
2018,biomass_forecast,499,,169.28867207218042
2018,biomass_demand_supply,23,58.0,127.18999999994179
2018,biomass_demand_supply,31,71.0,99.65
2018,biomass_demand_supply,38,58.0,98.07
2018,biomass_demand_supply,38,80.0,98.07
2018,biomass_demand_supply,39,58.0,67.13
2018,biomass_demand_supply,39,80.0,67.13
2018,biomass_demand_supply,40,58.0,92.96
2018,biomass_demand_supply,40,80.0,92.96
2018,biomass_demand_supply,41,58.0,91.95
2018,biomass_demand_supply,42,58.0,88.9
2018,biomass_demand_supply,47,71.0,19.92
2018,biomass_demand_supply,47,94.0,19.92
2018,biomass_demand_supply,48,71.0,80.33
2018,biomass_demand_supply,48,94.0,80.33
2018,biomass_demand_supply,49,71.0,141.60999999999999
2018,biomass_demand_supply,49,94.0,141.61
2018,biomass_demand_supply,54,58.0,123.74999999999999
2018,biomass_demand_supply,54,79.0,123.75
2018,biomass_demand_supply,54,80.0,123.75
2018,biomass_demand_supply,55,58.0,123.0
2018,biomass_demand_supply,55,79.0,123.0
2018,biomass_demand_supply,56,58.0,166.07999999999998
2018,biomass_demand_supply,56,79.0,166.08
2018,biomass_demand_supply,56,80.0,166.08
2018,biomass_demand_supply,56,103.0,18.129999999974586
2018,biomass_demand_supply,57,58.0,123.07
2018,biomass_demand_supply,57,79.0,123.07
2018,biomass_demand_supply,57,80.0,123.07
2018,biomass_demand_supply,57,103.0,123.07
2018,biomass_demand_supply,58,58.0,105.81
2018,biomass_demand_supply,58,79.0,105.81
2018,biomass_demand_supply,58,80.0,105.81
2018,biomass_demand_supply,58,103.0,105.81
2018,biomass_demand_supply,59,80.0,103.42
2018,biomass_demand_supply,68,71.0,0.17
2018,biomass_demand_supply,68,94.0,0.17
2018,biomass_demand_supply,69,71.0,11.14
2018,biomass_demand_supply,69,94.0,11.14
2018,biomass_demand_supply,69,120.0,11.14
2018,biomass_demand_supply,70,71.0,106.16
2018,biomass_demand_supply,70,94.0,106.16
2018,biomass_demand_supply,70,120.0,106.15999999999998
2018,biomass_demand_supply,71,71.0,163.79999999999924
2018,biomass_demand_supply,71,94.0,163.80000000000004
2018,biomass_demand_supply,71,120.0,163.8
2018,biomass_demand_supply,72,71.0,106.20999999999997
2018,biomass_demand_supply,72,94.0,106.21
2018,biomass_demand_supply,75,102.0,176.33
2018,biomass_demand_supply,77,79.0,104.79
2018,biomass_demand_supply,77,102.0,104.79
2018,biomass_demand_supply,77,103.0,104.79
2018,biomass_demand_supply,78,58.0,179.80000000000004
2018,biomass_demand_supply,78,79.0,179.79999999999998
2018,biomass_demand_supply,78,80.0,179.8
2018,biomass_demand_supply,78,102.0,179.8
2018,biomass_demand_supply,78,103.0,179.79999999999998
2018,biomass_demand_supply,79,58.0,178.33
2018,biomass_demand_supply,79,79.0,178.33
2018,biomass_demand_supply,79,80.0,178.33
2018,biomass_demand_supply,79,102.0,178.33
2018,biomass_demand_supply,79,103.0,178.33
2018,biomass_demand_supply,79,129.0,178.33
2018,biomass_demand_supply,80,58.0,103.42
2018,biomass_demand_supply,80,79.0,103.42
2018,biomass_demand_supply,80,80.0,103.42
2018,biomass_demand_supply,80,102.0,103.42
2018,biomass_demand_supply,80,103.0,103.42
2018,biomass_demand_supply,81,80.0,33.29
2018,biomass_demand_supply,81,103.0,33.29
2018,biomass_demand_supply,81,129.0,33.29
2018,biomass_demand_supply,91,145.0,2.28
2018,biomass_demand_supply,92,71.0,79.03
2018,biomass_demand_supply,92,94.0,79.03
2018,biomass_demand_supply,92,120.0,79.03
2018,biomass_demand_supply,92,145.0,79.03
2018,biomass_demand_supply,93,71.0,143.71
2018,biomass_demand_supply,93,94.0,143.71000000000004
2018,biomass_demand_supply,93,120.0,143.71
2018,biomass_demand_supply,93,145.0,143.71
2018,biomass_demand_supply,94,71.0,126.81
2018,biomass_demand_supply,94,94.0,126.81000000000002
2018,biomass_demand_supply,94,120.0,126.80999999999999
2018,biomass_demand_supply,94,145.0,126.81
2018,biomass_demand_supply,95,71.0,80.65
2018,biomass_demand_supply,95,120.0,80.65
2018,biomass_demand_supply,98,102.0,117.76
2018,biomass_demand_supply,99,102.0,126.14
2018,biomass_demand_supply,99,103.0,126.14
2018,biomass_demand_supply,99,128.0,126.14
2018,biomass_demand_supply,100,79.0,109.5
2018,biomass_demand_supply,100,80.0,109.5
2018,biomass_demand_supply,100,102.0,109.5
2018,biomass_demand_supply,100,103.0,109.5
2018,biomass_demand_supply,100,128.0,109.50000000000001
2018,biomass_demand_supply,101,79.0,199.54
2018,biomass_demand_supply,101,80.0,199.54
2018,biomass_demand_supply,101,102.0,199.54
2018,biomass_demand_supply,101,103.0,199.54
2018,biomass_demand_supply,101,128.0,199.54
2018,biomass_demand_supply,101,129.0,199.54
2018,biomass_demand_supply,102,58.0,148.82
2018,biomass_demand_supply,102,79.0,148.82
2018,biomass_demand_supply,102,80.0,148.82
2018,biomass_demand_supply,102,102.0,148.82
2018,biomass_demand_supply,102,103.0,148.82
2018,biomass_demand_supply,102,128.0,148.81999999999996
2018,biomass_demand_supply,102,129.0,148.82
2018,biomass_demand_supply,103,79.0,109.28
2018,biomass_demand_supply,103,80.0,109.28
2018,biomass_demand_supply,103,102.0,109.28
2018,biomass_demand_supply,103,103.0,109.28
2018,biomass_demand_supply,103,129.0,109.28
2018,biomass_demand_supply,103,154.0,109.28
2018,biomass_demand_supply,104,80.0,138.37
2018,biomass_demand_supply,104,102.0,138.37
2018,biomass_demand_supply,104,103.0,138.37
2018,biomass_demand_supply,104,129.0,138.37
2018,biomass_demand_supply,117,94.0,0.58
2018,biomass_demand_supply,117,120.0,0.58
2018,biomass_demand_supply,117,145.0,0.58
2018,biomass_demand_supply,118,71.0,23.41
2018,biomass_demand_supply,118,94.0,23.41
2018,biomass_demand_supply,118,120.0,23.41
2018,biomass_demand_supply,118,145.0,23.41
2018,biomass_demand_supply,118,171.0,23.41
2018,biomass_demand_supply,119,71.0,88.43
2018,biomass_demand_supply,119,94.0,88.43
2018,biomass_demand_supply,119,120.0,88.43
2018,biomass_demand_supply,119,145.0,88.43
2018,biomass_demand_supply,119,171.0,88.43000000000002
2018,biomass_demand_supply,120,94.0,77.1
2018,biomass_demand_supply,120,120.0,77.1
2018,biomass_demand_supply,120,145.0,77.1
2018,biomass_demand_supply,121,94.0,95.11
2018,biomass_demand_supply,121,120.0,95.11
2018,biomass_demand_supply,121,145.0,95.11
2018,biomass_demand_supply,124,128.0,157.29
2018,biomass_demand_supply,125,102.0,117.8
2018,biomass_demand_supply,125,128.0,117.8
2018,biomass_demand_supply,126,102.0,114.13
2018,biomass_demand_supply,126,103.0,114.13
2018,biomass_demand_supply,126,128.0,114.13000000000001
2018,biomass_demand_supply,127,103.0,109.29
2018,biomass_demand_supply,127,128.0,109.29
2018,biomass_demand_supply,128,80.0,124.62
2018,biomass_demand_supply,128,102.0,124.62
2018,biomass_demand_supply,128,103.0,124.62
2018,biomass_demand_supply,128,129.0,124.62
2018,biomass_demand_supply,128,154.0,124.62
2018,biomass_demand_supply,129,80.0,165.96
2018,biomass_demand_supply,129,103.0,165.96
2018,biomass_demand_supply,129,129.0,165.96000000000004
2018,biomass_demand_supply,129,154.0,165.96
2018,biomass_demand_supply,130,129.0,168.00999999999996
2018,biomass_demand_supply,130,154.0,168.01
2018,biomass_demand_supply,142,94.0,0.18
2018,biomass_demand_supply,142,120.0,0.18
2018,biomass_demand_supply,142,145.0,0.18
2018,biomass_demand_supply,142,171.0,0.18
2018,biomass_demand_supply,143,94.0,25.35
2018,biomass_demand_supply,143,120.0,25.35
2018,biomass_demand_supply,143,145.0,25.35
2018,biomass_demand_supply,143,171.0,25.35
2018,biomass_demand_supply,144,94.0,71.38
2018,biomass_demand_supply,144,120.0,71.38
2018,biomass_demand_supply,144,145.0,71.38
2018,biomass_demand_supply,144,171.0,71.38
2018,biomass_demand_supply,145,120.0,97.83999999999997
2018,biomass_demand_supply,145,145.0,97.84
2018,biomass_demand_supply,145,171.0,97.83999999999999
2018,biomass_demand_supply,146,145.0,115.6
2018,biomass_demand_supply,146,171.0,115.6
2018,biomass_demand_supply,147,145.0,178.08
2018,biomass_demand_supply,147,171.0,178.08
2018,biomass_demand_supply,150,128.0,111.64999999999999
2018,biomass_demand_supply,151,128.0,110.69000000000001
2018,biomass_demand_supply,152,102.0,101.23
2018,biomass_demand_supply,152,103.0,101.23
2018,biomass_demand_supply,152,128.0,101.23
2018,biomass_demand_supply,152,154.0,101.23
2018,biomass_demand_supply,153,129.0,147.99999999999997
2018,biomass_demand_supply,153,154.0,148.0
2018,biomass_demand_supply,154,129.0,160.72
2018,biomass_demand_supply,154,154.0,160.72
2018,biomass_demand_supply,155,154.0,180.06
2018,biomass_demand_supply,168,171.0,0.27
2018,biomass_demand_supply,169,120.0,12.76
2018,biomass_demand_supply,169,145.0,12.76
2018,biomass_demand_supply,169,171.0,12.76
2018,biomass_demand_supply,170,120.0,63.73
2018,biomass_demand_supply,170,145.0,63.73
2018,biomass_demand_supply,170,171.0,63.72999999999999
2018,biomass_demand_supply,171,120.0,78.83
2018,biomass_demand_supply,171,145.0,78.83
2018,biomass_demand_supply,171,171.0,78.83
2018,biomass_demand_supply,172,145.0,90.22
2018,biomass_demand_supply,172,171.0,90.22000000000001
2018,biomass_demand_supply,176,154.0,103.21
2018,biomass_demand_supply,177,128.0,96.47
2018,biomass_demand_supply,177,154.0,96.47
2018,biomass_demand_supply,178,129.0,135.04
2018,biomass_demand_supply,178,154.0,135.04
2018,biomass_demand_supply,179,154.0,156.15
2018,biomass_demand_supply,180,154.0,233.46
2018,biomass_demand_supply,208,171.0,64.31
2018,biomass_demand_supply,209,145.0,73.52
2018,biomass_demand_supply,209,171.0,73.52
2018,biomass_demand_supply,210,145.0,61.04
2018,biomass_demand_supply,210,171.0,61.04
2018,biomass_demand_supply,217,154.0,144.78
2018,biomass_demand_supply,218,154.0,221.01
2018,biomass_demand_supply,227,228.0,86.58
2018,biomass_demand_supply,228,228.0,147.68999999999997
2018,biomass_demand_supply,249,171.0,76.57
2018,biomass_demand_supply,250,171.0,58.14000000000001
2018,biomass_demand_supply,251,171.0,98.81
2018,biomass_demand_supply,266,309.0,205.27000000000126
2018,biomass_demand_supply,267,309.0,147.95
2018,biomass_demand_supply,268,269.0,210.25000000000003
2018,biomass_demand_supply,269,228.0,205.27
2018,biomass_demand_supply,269,269.0,205.27
2018,biomass_demand_supply,270,228.0,164.64000000000024
2018,biomass_demand_supply,270,269.0,164.64
2018,biomass_demand_supply,270,309.0,164.64
2018,biomass_demand_supply,307,309.0,212.56
2018,biomass_demand_supply,308,309.0,166.53
2018,biomass_demand_supply,309,269.0,299.4799999999992
2018,biomass_demand_supply,309,309.0,299.48
2018,biomass_demand_supply,313,400.0,112.05
2018,biomass_demand_supply,314,400.0,111.68
2018,biomass_demand_supply,321,322.0,3.9
2018,biomass_demand_supply,321,369.0,3.9
2018,biomass_demand_supply,321,419.0,3.9
2018,biomass_demand_supply,322,322.0,19.33
2018,biomass_demand_supply,322,369.0,19.33
2018,biomass_demand_supply,322,419.0,19.33
2018,biomass_demand_supply,323,322.0,71.65
2018,biomass_demand_supply,323,369.0,71.65
2018,biomass_demand_supply,349,309.0,254.33
2018,biomass_demand_supply,350,309.0,164.92
2018,biomass_demand_supply,351,309.0,259.13
2018,biomass_demand_supply,355,400.0,159.01
2018,biomass_demand_supply,355,450.0,159.01
2018,biomass_demand_supply,356,400.0,172.35999999999999
2018,biomass_demand_supply,356,451.0,172.36
2018,biomass_demand_supply,357,400.0,30.58
2018,biomass_demand_supply,357,451.0,30.58
2018,biomass_demand_supply,366,322.0,1.38
2018,biomass_demand_supply,366,369.0,1.38
2018,biomass_demand_supply,366,419.0,1.38
2018,biomass_demand_supply,367,322.0,38.68
2018,biomass_demand_supply,367,369.0,38.68
2018,biomass_demand_supply,367,419.0,38.68
2018,biomass_demand_supply,368,322.0,126.18000000000028
2018,biomass_demand_supply,368,369.0,126.18000000000002
2018,biomass_demand_supply,368,419.0,126.18
2018,biomass_demand_supply,369,322.0,72.13
2018,biomass_demand_supply,369,369.0,72.12999999999998
2018,biomass_demand_supply,369,419.0,72.13
2018,biomass_demand_supply,370,322.0,26.69
2018,biomass_demand_supply,370,369.0,26.69
2018,biomass_demand_supply,378,431.0,122.77
2018,biomass_demand_supply,379,431.0,121.05
2018,biomass_demand_supply,380,431.0,288.78
2018,biomass_demand_supply,387,495.0,130.47
2018,biomass_demand_supply,388,495.0,184.56
2018,biomass_demand_supply,392,309.0,159.21
2018,biomass_demand_supply,396,450.0,191.65999999999997
2018,biomass_demand_supply,397,400.0,81.57
2018,biomass_demand_supply,397,450.0,81.57
2018,biomass_demand_supply,397,451.0,81.57
2018,biomass_demand_supply,398,400.0,69.65
2018,biomass_demand_supply,398,450.0,69.65
2018,biomass_demand_supply,398,451.0,69.65
2018,biomass_demand_supply,399,400.0,127.76999999999998
2018,biomass_demand_supply,399,450.0,127.77000000000153
2018,biomass_demand_supply,399,451.0,127.77
2018,biomass_demand_supply,400,400.0,89.58
2018,biomass_demand_supply,400,451.0,89.58
2018,biomass_demand_supply,416,322.0,36.349999999999994
2018,biomass_demand_supply,416,369.0,36.35
2018,biomass_demand_supply,416,419.0,36.349999999999994
2018,biomass_demand_supply,417,322.0,83.13
2018,biomass_demand_supply,417,369.0,83.13000000000001
2018,biomass_demand_supply,417,419.0,83.13
2018,biomass_demand_supply,418,322.0,97.83000000000001
2018,biomass_demand_supply,418,369.0,97.83000000000001
2018,biomass_demand_supply,418,419.0,97.83000000000001
2018,biomass_demand_supply,419,322.0,73.77
2018,biomass_demand_supply,419,369.0,73.77
2018,biomass_demand_supply,419,419.0,73.77
2018,biomass_demand_supply,420,419.0,22.85
2018,biomass_demand_supply,428,431.0,89.21
2018,biomass_demand_supply,429,431.0,113.1
2018,biomass_demand_supply,430,431.0,139.94
2018,biomass_demand_supply,430,486.0,139.94
2018,biomass_demand_supply,431,431.0,155.52
2018,biomass_demand_supply,431,486.0,155.52
2018,biomass_demand_supply,432,431.0,227.56
2018,biomass_demand_supply,438,495.0,200.45
2018,biomass_demand_supply,439,495.0,225.2
2018,biomass_demand_supply,440,495.0,249.39
2018,biomass_demand_supply,447,450.0,244.13
2018,biomass_demand_supply,448,400.0,124.78
2018,biomass_demand_supply,448,450.0,124.78
2018,biomass_demand_supply,449,400.0,141.62999999999997
2018,biomass_demand_supply,449,450.0,141.63
2018,biomass_demand_supply,449,451.0,141.63
2018,biomass_demand_supply,450,400.0,118.17
2018,biomass_demand_supply,450,450.0,118.17
2018,biomass_demand_supply,450,451.0,118.17000000000002
2018,biomass_demand_supply,451,400.0,97.21
2018,biomass_demand_supply,452,400.0,154.77999999999997
2018,biomass_demand_supply,453,400.0,80.24
2018,biomass_demand_supply,473,322.0,9.52
2018,biomass_demand_supply,473,369.0,9.52
2018,biomass_demand_supply,473,419.0,9.52
2018,biomass_demand_supply,474,322.0,29.35
2018,biomass_demand_supply,474,369.0,29.35
2018,biomass_demand_supply,474,419.0,29.35
2018,biomass_demand_supply,475,322.0,26.66
2018,biomass_demand_supply,475,369.0,26.66
2018,biomass_demand_supply,475,419.0,26.659999999999997
2018,biomass_demand_supply,476,419.0,1.98
2018,biomass_demand_supply,483,486.0,125.05
2018,biomass_demand_supply,484,486.0,255.86000000000007
2018,biomass_demand_supply,485,431.0,229.70999999999998
2018,biomass_demand_supply,485,486.0,229.71
2018,biomass_demand_supply,486,431.0,122.74
2018,biomass_demand_supply,486,486.0,122.74
2018,biomass_demand_supply,487,431.0,301.50999999999993
2018,biomass_demand_supply,487,486.0,301.51000000000187
2018,biomass_demand_supply,492,495.0,233.81
2018,biomass_demand_supply,493,495.0,258.78
2018,biomass_demand_supply,494,495.0,270.34
2018,biomass_demand_supply,495,495.0,270.99
2018,biomass_demand_supply,496,495.0,301.23
